,precision,recall,f1-score,support
C,1.0,0.6666666666666666,0.8,3.0
D,1.0,0.8947368421052632,0.9444444444444444,19.0
F,1.0,0.75,0.8571428571428571,4.0
N,1.0,1.0,1.0,6.0
O,0.9122807017543859,1.0,0.9541284403669724,52.0
P,1.0,0.5,0.6666666666666666,2.0
accuracy,0.9418604651162791,0.9418604651162791,0.9418604651162791,0.9418604651162791
macro avg,0.9853801169590644,0.8019005847953217,0.8703970681034902,86.0
weighted avg,0.9469604243166054,0.9418604651162791,0.9386166058771135,86.0
